product_name,image_path,price,category
FORTE PHARMA Calori Light 30 Gelules,FortePharmaImages\FORTE_PHARMA_Calori_Light_30_Gelules.jpg,33.480 TND,Compléments Alimentaires
FORTE PHARMA Calori Light 60 Gelules,FortePharmaImages\FORTE_PHARMA_Calori_Light_60_Gelules.jpg,58.400 TND,Minceur
FORTE PHARMA Energie Tigra+ Men 28 Comprimés 32g,FortePharmaImages\FORTE_PHARMA_Energie_Tigra+_Men_28_Comprimés_32g.jpg,62.020 TND,Stimulants Sexuels
FORTE PHARMA Energie Tigra+ Men 28 Comprimés 32g,FortePharmaImages\FORTE_PHARMA_Energie_Tigra+_Men_28_Comprimés_32g.jpg,62.020 TND,Stimulants Sexuels
FORTE PHARMA Expert Cheveux 3 en 1 28 comprimés,FortePharmaImages\FORTE_PHARMA_Expert_Cheveux_3_en_1_28_comprimés.jpg,50.800 TND,"Cheveux, peau, ongles"
FORTE PHARMA Turbodraine Minceur Peche 500ml,FortePharmaImages\FORTE_PHARMA_Turbodraine_Minceur_Peche_500ml.jpg,55.049 TND,Draineurs et Detox
FORTE PHARMA Turbodraine Minceur Framboise 500ml,FortePharmaImages\FORTE_PHARMA_Turbodraine_Minceur_Framboise_500ml.jpg,54.000 TND,Draineurs et Detox
FORTE PHARMA Energie Acerola 60 Comprimes,FortePharmaImages\FORTE_PHARMA_Energie_Acerola_60_Comprimes.jpg,75.208 TND,FORME ET VITALITE
FORTE PHARMA Duo Pack Turbodraine Pèche 2 x 500ml,FortePharmaImages\FORTE_PHARMA_Duo_Pack_Turbodraine_Pèche_2_x_500ml.jpg,86.350 TND,Coffrets
FORTE PHARMA Duo Pack Turbodraine Framboise 2 x 500ml,FortePharmaImages\FORTE_PHARMA_Duo_Pack_Turbodraine_Framboise_2_x_500ml.jpg,86.350 TND,Coffrets
FORTE PHARMA Turbodraine Ananas 500ml,FortePharmaImages\FORTE_PHARMA_Turbodraine_Ananas_500ml.jpg,54.000 TND,Draineurs et Detox
FORTE PHARMA Turbodraine Ananas 500ml,FortePharmaImages\FORTE_PHARMA_Turbodraine_Ananas_500ml.jpg,54.000 TND,Draineurs et Detox
FORTE PHARMA Turbodraine Agrumes 500ml,FortePharmaImages\FORTE_PHARMA_Turbodraine_Agrumes_500ml.jpg,57.540 TND,Compléments Alimentaires
FORTE PHARMA Turbodraine Agrumes 500ml,FortePharmaImages\FORTE_PHARMA_Turbodraine_Agrumes_500ml.jpg,57.540 TND,Compléments Alimentaires
Forte Pharma Xtraslim 700 120 Gélules,FortePharmaImages\Forte_Pharma_Xtraslim_700_120_Gélules.jpg,167.100 TND,Bruleur de Graisse
FORTE PHARMA Expert Cheveux 3 en 1 28 comprimés,FortePharmaImages\FORTE_PHARMA_Expert_Cheveux_3_en_1_28_comprimés.jpg,50.800 TND,"Cheveux, peau, ongles"
FORTE PHARMA Expert Hyaluronic Intense 30 Gelules,FortePharmaImages\FORTE_PHARMA_Expert_Hyaluronic_Intense_30_Gelules.jpg,127.000 TND,soins anti-âge et anti-rides
FORTE PHARMA Expert Hyaluronic Intense 30 Gelules,FortePharmaImages\FORTE_PHARMA_Expert_Hyaluronic_Intense_30_Gelules.jpg,127.000 TND,soins anti-âge et anti-rides
FORTE PHARMA Expert Collagene Intense 14 Sticks,FortePharmaImages\FORTE_PHARMA_Expert_Collagene_Intense_14_Sticks.jpg,128.000 TND,Compléments Alimentaires
FORTE PHARMA Vitalite 4G Ultra Boost 30 Comprimes,FortePharmaImages\FORTE_PHARMA_Vitalite_4G_Ultra_Boost_30_Comprimes.jpg,67.470 TND,Deals de la semaine
FORTE PHARMA Vitalite 4G Ultra Boost 30 Comprimes,FortePharmaImages\FORTE_PHARMA_Vitalite_4G_Ultra_Boost_30_Comprimes.jpg,67.470 TND,Deals de la semaine
FORTE PHARMA Forte Stress 24h 15 Comprimes,FortePharmaImages\FORTE_PHARMA_Forte_Stress_24h_15_Comprimes.jpg,85.650 TND,Stress et anxiété
FORTE PHARMA XtraSlim Capteur 3 en 1 XtraFort 60 Gelules,FortePharmaImages\FORTE_PHARMA_XtraSlim_Capteur_3_en_1_XtraFort_60_Gelules.jpg,117.100 TND,Bruleur de Graisse
Forté Pharma XtraSlim Capteur 3en1 + TurboDraine Offert,FortePharmaImages\Forté_Pharma_XtraSlim_Capteur_3en1_+_TurboDraine_Offert.jpg,118.600 TND,Coffrets
FORTE PHARMA XTRASLIM Coupe Faim 60 Gelules,FortePharmaImages\FORTE_PHARMA_XTRASLIM_Coupe_Faim_60_Gelules.jpg,102.040 TND,Coupe Faim et satiété
FORTE PHARMA XTRASLIM Coupe Faim 60 Gelules,FortePharmaImages\FORTE_PHARMA_XTRASLIM_Coupe_Faim_60_Gelules.jpg,102.040 TND,Coupe Faim et satiété
Forté Pharma Forté Flex Max Articulations 120 comprimés,FortePharmaImages\Forté_Pharma_Forté_Flex_Max_Articulations_120_comprimés.jpg,127.000 TND,Articulations
FORTE PHARMA Retention D’eau 28 Comprimes,FortePharmaImages\FORTE_PHARMA_Retention_D’eau_28_Comprimes.jpg,57.400 TND,Compléments Alimentaires
Forté Pharma MultiVit’Kids Défenses 30 Comprimés à Croquer,FortePharmaImages\Forté_Pharma_MultiVit’Kids_Défenses_30_Comprimés_à_Croquer.jpg,50.000 TND,Complements alimentaires bébés et enfants
FORTE PHARMA Vitalite 4G Dynamisant 10 Ampoules,FortePharmaImages\FORTE_PHARMA_Vitalite_4G_Dynamisant_10_Ampoules.jpg,85.680 TND,Compléments Alimentaires
